{
    "loss": 1.048466682434082,
    "accuracy": 0.8994398713111877
}