{
    "loss": 27.450271606445312,
    "accuracy": 0.8797172904014587
}